filename,keyword,source,source_title,creator,license,source_page
armchair.webp,armchair,Openverse,Slipcovered Vintage Armchair,DesignFolly.com,BY-SA-2.0,https://www.flickr.com/photos/9243453@N02/3147627493
sofa.webp,sofa,Openverse,Sofa,Ryan Finnie,BY-SA-2.0,https://www.flickr.com/photos/25307084@N00/2382171252
dining-chair.webp,dining chair,Openverse,Bright Ercol Mid Century Vintage Dining Chairs,frenchfinds.co.uk,BY-2.0,https://www.flickr.com/photos/23717595@N05/6240666973
office-chair.webp,office chair,Openverse,Rows of modern white office chairs,Horia Varlan,BY-2.0,https://www.flickr.com/photos/10361931@N06/4272145651
bar-stool.webp,bar stool,Openverse,four BAR STOOLS ..........repositioned 8/8/16,tvdflickr,BY-2.0,https://www.flickr.com/photos/24580165@N03/12275789166
wooden-bench.webp,wooden bench,Openverse,Old empty wooden bench on green lawn,Horia Varlan,BY-2.0,https://www.flickr.com/photos/10361931@N06/4839466251
rocking-chair.webp,rocking chair,Openverse,Elderly Man in Rocking Chair - Pinar del Rio - Cuba,"Adam Jones, Ph.D. - Global Photo Archive",BY-SA-2.0,https://www.flickr.com/photos/41000732@N04/3793869909
dining-table.webp,dining table,Openverse,Dining table,Weld House LLC,BY-ND-2.0,https://www.flickr.com/photos/33143672@N08/3084808482
coffee-table.webp,coffee table,Openverse,Josh's coffee table,mia.judkins,BY-SA-2.0,https://www.flickr.com/photos/24537121@N03/4353388318
side-table.webp,side table,Openverse,IKEA Lack Side Table Turned Lego Table,AngryJulieMonday,BY-2.0,https://www.flickr.com/photos/33731571@N07/5591040959
writing-desk.webp,writing desk,Openverse,Writing Desk,lemonfilmblog,BY-ND-2.0,https://www.flickr.com/photos/22245339@N05/3143462899
bedside-table.webp,bedside table,Openverse,What's on your bedside table?,Paul Jerry,BY-2.0,https://www.flickr.com/photos/43774613@N00/3161362348
bookshelf.webp,bookshelf,Openverse,Bookshelf 06/06,bengal*foam,BY-ND-2.0,https://www.flickr.com/photos/36415983@N00/159433001
wardrobe.webp,wardrobe,Openverse,Wardrobe,Sam Howzit,BY-2.0,https://www.flickr.com/photos/12508217@N08/8395556958
chest-of-drawers.webp,chest of drawers,Openverse,Shabby Chic Blue Painted Wooden Chest of Drawers,AndyRobertsPhotos,BY-2.0,https://www.flickr.com/photos/21372046@N00/2959008907
cabinet.webp,cabinet,Openverse,The Prime Minister Liz Truss chairs her first Cabinet,UK Prime Minister,BY-2.0,https://www.flickr.com/photos/49707497@N06/52340173237
shoe-rack.webp,shoe rack,Openverse,Shoe Rack?,Maura McDonnell,BY-2.0,https://www.flickr.com/photos/72039316@N00/74405039
storage-box.webp,storage box,Openverse,Bear-proof food storage box,YellowstoneNPS,PDM-1.0,https://www.flickr.com/photos/80223459@N05/16777473645
wicker-basket.webp,wicker basket,Openverse,weathered wicker baskets,YourCastlesDecor,BY-2.0,https://www.flickr.com/photos/101592688@N07/14373207697
shelving-unit.webp,shelving unit,Openverse,derek dominy's steel shelving unit,denise carbonell,BY-2.0,https://www.flickr.com/photos/11574896@N03/2420556287
coat-rack.webp,coat rack,Openverse,Coat rack? Clothes rack?,RelentlesslyOptimistic,BY-2.0,https://www.flickr.com/photos/42001373@N00/3804174098
filing-cabinet.webp,filing cabinet,Openverse,Filing Cabinet Open drawer,Vegansoldier,BY-SA-2.0,https://www.flickr.com/photos/24283435@N08/3233794067
bed-frame.webp,bed frame,Openverse,"Bed frame, headboard & box spring",louento.pix,BY-ND-2.0,https://www.flickr.com/photos/20538189@N00/3104630915
mattress.webp,mattress,Openverse,"Mattress, Bedding & Bags",Alan Stanton,BY-SA-2.0,https://www.flickr.com/photos/53921762@N00/3952337358
pillow.webp,pillow,Openverse,Improv Tree Pillow by Poppyprint,Poppyprint,BY-2.0,https://www.flickr.com/photos/56551843@N00/11408576815
duvet.webp,duvet,Openverse,Target Duvet in Bedroom,emily @ go haus go,BY-2.0,https://www.flickr.com/photos/60849758@N05/9234152941
blanket.webp,blanket,Openverse,T-Shirt Blanket,Stacie Stacie Stacie,BY-SA-2.0,https://www.flickr.com/photos/35754040@N04/6942862923
bed-sheet.webp,bed sheet,Openverse,Relax on fresh bed sheets,the Italian voice,BY-2.0,https://www.flickr.com/photos/77476789@N00/2060379438
bed-linen.webp,bed linen,Openverse,Destroyed Bed Linens 8 am,PinkMoose,BY-2.0,https://www.flickr.com/photos/82072056@N00/2339028671
rug.webp,rug,Openverse,Contemporary Rugs Artesan Grey and Lime Green,mattwalker69,BY-SA-2.0,https://www.flickr.com/photos/88786104@N08/8428315785
carpet.webp,carpet,Openverse,Carpeted Forest,keepitsurreal,BY-SA-2.0,https://www.flickr.com/photos/14558526@N03/2523067827
curtain.webp,curtain,Openverse,Curtains,Matthew Paul Argall,BY-2.0,https://www.flickr.com/photos/79157069@N03/13443471123
towel.webp,towel,Openverse,Towel Day,music2work2,BY-2.0,https://www.flickr.com/photos/14511253@N04/5759565338
cushion.webp,cushion,Openverse,Couch Cushion Fort,willholmes,BY-2.0,https://www.flickr.com/photos/36531036@N06/4114985941
tablecloth.webp,tablecloth,Openverse,Table Mountain Tablecloth,D-Stanley,BY-2.0,https://www.flickr.com/photos/79721788@N00/16457697278
doormat.webp,doormat,Openverse,'Slide to unlock' doormat,Oyvind Solstad,BY-2.0,https://www.flickr.com/photos/32962935@N00/4809037394
laundry-basket.webp,laundry basket,Openverse,laundry basket,Joelk75,BY-2.0,https://www.flickr.com/photos/75001512@N00/7067696493
table-lamp.webp,table lamp,Openverse,"The living room sofa, brightly colored pillows, table, lamps, and art, staged Craftsman house, U District, Seattle, Washington, USA",Wonderlane,BY-2.0,https://www.flickr.com/photos/71401718@N00/5027516478
floor-lamp.webp,floor lamp,Openverse,"Peggy's Zen living room makeover, white sofa, pink tulips, bright pillows, maroon throw, natural woven drum shaped tables, jute rug, refinished floor, old brass floor lamp, Seattle, Washington, USA",Wonderlane,BY-2.0,https://www.flickr.com/photos/71401718@N00/465852851
ceiling-lamp.webp,ceiling lamp,Openverse,"2008/09 bachelorette pad in California, living room, a 1960's Italian ceiling lamp, gold mirror, power prayer wheel, campaign table, Fender strat, Tibetan carpets, dragon, snow lions, Chinese stools, guitar, Christmas tree lights, view, San Mateo, CA, USA",Wonderlane,BY-2.0,https://www.flickr.com/photos/71401718@N00/3223400295
pendant-lamp.webp,pendant lamp,Openverse,DWR Laser Cut Pendant Lamps,Lauren Manning,BY-2.0,https://www.flickr.com/photos/28541331@N00/7137791343
wall-lamp.webp,wall lamp,Openverse,"Fire Marshal checking the wall for heat with infrared camera, technology designed to save people's lives and property, glass raindrop wall lamp, Broadview duplex, Seattle, Washington, USA",Wonderlane,BY-2.0,https://www.flickr.com/photos/71401718@N00/8639640208
light-bulb.webp,light bulb,Openverse,Light bulb,NikonFilm35,BY-ND-2.0,https://www.flickr.com/photos/43617336@N07/4209619566
string-lights.webp,string lights,Openverse,Stringing Lights Both Near And Far,Ian Sane,BY-2.0,https://www.flickr.com/photos/31246066@N04/15738415444
candle-holder.webp,candle holder,Openverse,DGJ_4736 - Peru Candle Holder,archer10 (Dennis),BY-SA-2.0,https://www.flickr.com/photos/22490717@N02/4322412424
lantern.webp,lantern,Openverse,"Lanterns, Xi'an, China",Dimitry B,BY-2.0,https://www.flickr.com/photos/61533954@N00/12132699044
saucepan.webp,saucepan,Openverse,arguing about saucepans,snigl3t,BY-2.0,https://www.flickr.com/photos/58598613@N00/3431924277
frying-pan.webp,frying pan,Openverse,Frying pan,kevin dooley,BY-2.0,https://www.flickr.com/photos/12836528@N00/4565041679
kettle.webp,kettle,Openverse,Kettle,☺ Lee J Haywood,BY-SA-2.0,https://www.flickr.com/photos/45034206@N06/4140317175
mug.webp,mug,Openverse,New Mug Bodies,Martin Cathrae,BY-SA-2.0,https://www.flickr.com/photos/34067077@N00/4013841245
dinner-plate.webp,dinner plate,Openverse,Thanksgiving Dinner Plate 2,arfsb,BY-SA-2.0,https://www.flickr.com/photos/24787084@N00/4137805704
bowl.webp,bowl,Openverse,North Korea - Bowling,Roman Harak,BY-SA-2.0,https://www.flickr.com/photos/51812388@N02/5015250957
drinking-glass.webp,drinking glass,Openverse,Five Drinking Glasses,Didriks,BY-2.0,https://www.flickr.com/photos/49889671@N03/14741495747
cutlery.webp,cutlery,Openverse,"Cutlery - Knifes, Spoons, Forks",espensorvik,BY-2.0,https://www.flickr.com/photos/28478778@N05/5728471653
cutting-board.webp,cutting board,Openverse,Vegetables on a Cutting Board,rgirardin,BY-SA-2.0,https://www.flickr.com/photos/30559266@N04/9304466280
colander.webp,colander,Openverse,"Green grapes, green colander",Dano,BY-2.0,https://www.flickr.com/photos/36101697408@N01/190418664
mixing-bowl.webp,mixing bowl,Openverse,Mixing Bowl,Donovan Govan.,BY-SA-3.0,https://commons.wikimedia.org/w/index.php?curid=121327
food-container.webp,food container,Openverse,An antelope ground squirrel inspects a food container,Joshua Tree National Park,PDM-1.0,https://www.flickr.com/photos/115357548@N08/32007016811
glass-jar.webp,glass jar,Openverse,glass jar,Steve A Johnson,BY-2.0,https://www.flickr.com/photos/14529257@N03/5219193625
teapot.webp,teapot,Openverse,Teapot Tattoo,ninachildish,BY-ND-2.0,https://www.flickr.com/photos/65737797@N00/941461420
oven-mitt.webp,oven mitt,Openverse,Oven Mitt Guitar,docpop,BY-SA-2.0,https://www.flickr.com/photos/65802182@N00/8734634862
dish-rack.webp,dish rack,Openverse,Dish rack,Mcapdevila,BY-SA-3.0,https://commons.wikimedia.org/w/index.php?curid=14655512
utensil-holder.webp,utensil holder,Openverse,Utensil holder,Valerie Everett,BY-SA-2.0,https://www.flickr.com/photos/66742614@N00/2682836025
bath-towel.webp,bath towel,Openverse,Baby and bath towel,Matt Cunningham Photography,BY-ND-2.0,https://www.flickr.com/photos/33376644@N07/3112546997
soap-dispenser.webp,soap dispenser,Openverse,Well placed soap dispenser,juhansonin,BY-2.0,https://www.flickr.com/photos/38869431@N00/3703735882
toothbrush-holder.webp,toothbrush holder,Openverse,Toothbrush Holder,Smabs Sputzer (1956-2017),BY-2.0,https://www.flickr.com/photos/10413717@N08/6811074746
shower-curtain.webp,shower curtain,Openverse,shower curtain,EvelynGiggles,BY-2.0,https://www.flickr.com/photos/23797059@N02/2713284910
bathroom-mirror.webp,bathroom mirror,Openverse,bathroom mirror portrait,striatic,BY-2.0,https://www.flickr.com/photos/34427466731@N01/8796680666
toilet-brush.webp,toilet brush,Openverse,Hillary Clinton Toilet Brush,JeepersMedia,BY-2.0,https://www.flickr.com/photos/39160147@N03/15847015717
picture-frame.webp,picture frame,Openverse,PCB Picture Frames - 14.jpg,oskay,BY-2.0,https://www.flickr.com/photos/17425845@N00/234756600
wall-clock.webp,wall clock,Openverse,Early General Electric Colored Wall Clock,alexkerhead,BY-2.0,https://www.flickr.com/photos/26354629@N02/2658021420
vase.webp,vase,Openverse,A lonely vase by the Window,(www.debabrata.info) debabrata,BY-2.0,https://www.flickr.com/photos/49238189@N06/4579157487
plant-pot.webp,plant pot,Openverse,Seedling in a toilet paper roll repurposed as a mini planting pot,girlingearstudio,BY-2.0,https://www.flickr.com/photos/45605988@N03/5713582601
wall-mirror.webp,wall mirror,Openverse,wall mirror,Soarpean-frp,BY-SA-2.0,https://www.flickr.com/photos/30179388@N03/5788343913
candle.webp,candle,Openverse,candle,jamingray,BY-SA-2.0,https://www.flickr.com/photos/75755822@N00/421730278
figurine.webp,figurine,Openverse,Boy and Girl Hummel Figurines,Jason Pratt,BY-2.0,https://www.flickr.com/photos/84108876@N00/2347428960
wall-shelf.webp,wall shelf,Openverse,Wall Shelf,Slacker Mark,BY-2.0,https://www.flickr.com/photos/10347263@N05/6586035597
decorative-bowl.webp,decorative bowl,Openverse,Decorative Bowl by Alessi_1,Didriks,BY-2.0,https://www.flickr.com/photos/49889671@N03/14050738570
throw-blanket.webp,throw blanket,Openverse,An Eagle Throw Blanket,Dennis S. Hurd,CC0-1.0,https://www.flickr.com/photos/43296902@N00/6422405497
cushion-cover.webp,cushion cover,Openverse,lace cushion cover,Mr Thinktank,BY-2.0,https://www.flickr.com/photos/34621580@N00/4047955049
microwave-oven.webp,microwave oven,Openverse,Convection Microwave Oven/Hood,Daniel M. Hendricks,BY-ND-2.0,https://www.flickr.com/photos/86636033@N00/613322022
refrigerator.webp,refrigerator,Openverse,Refrigerator Display,Pat Guiney,BY-2.0,https://www.flickr.com/photos/17375134@N00/14517725
dishwasher.webp,dishwasher,Openverse,broken dishwasher spring,osde8info,BY-SA-2.0,https://www.flickr.com/photos/8764442@N07/4332280378
electric-fan.webp,electric fan,Openverse,GE Electric Fans,Marxchivist,BY-2.0,https://www.flickr.com/photos/86821724@N00/3054738772
air-conditioner.webp,air conditioner,Openverse,ode to an air conditioner,brdonovan,BY-SA-2.0,https://www.flickr.com/photos/58621196@N05/7259166358
rice-cooker.webp,rice cooker,Openverse,My rice cooker :D,kalleboo,BY-2.0,https://www.flickr.com/photos/82365211@N00/5997801594
water-dispenser.webp,water dispenser,Openverse,Water dispenser on Soyuz,AstroSamantha,BY-2.0,https://www.flickr.com/photos/65541944@N07/6395850857
broom.webp,broom,Openverse,Banksy Broom Rat A,Infrogmation,BY-SA-2.0,https://www.flickr.com/photos/29350288@N06/2819193444
mop.webp,mop,Openverse,Rubbermaid Reveal Spray Mop,Rubbermaid Products,BY-2.0,https://www.flickr.com/photos/28040596@N08/4595445836
dustpan.webp,dustpan,Openverse,Dustpan Texture,'Playingwithbrushes',BY-2.0,https://www.flickr.com/photos/82518118@N00/2278325923
bucket.webp,bucket,Openverse,Bill Gates ice bucket challenge,mwaseema,BY-2.0,https://www.flickr.com/photos/93932162@N07/14943882735
clothes-iron.webp,clothes iron,Openverse,New clothes iron from Panasonic.,MIKI Yoshihito. (#mikiyoshihito),BY-2.0,https://www.flickr.com/photos/7940758@N07/4431404308
ironing-board.webp,ironing board,Openverse,DIY: Ironing Board & Iron Hanger,hitormiss,BY-2.0,https://www.flickr.com/photos/49503000362@N01/142366160
clothes-drying-rack.webp,clothes drying rack,Openverse,Have a laugh! - The solar clothes drying rack.,EmNicholas,BY-2.0,https://www.flickr.com/photos/33773870@N03/8116317200
vacuum-cleaner.webp,vacuum cleaner,Openverse,The Jaeger Vacuum Cleaner,Glen Bledsoe,BY-2.0,https://www.flickr.com/photos/22501424@N00/5449273873
toy-box.webp,toy box,Openverse,Big Toy Box,jurvetson,BY-2.0,https://www.flickr.com/photos/44124348109@N01/2475457
kids-chair.webp,kids chair,Openverse,Cute Kids Chair - Cowboys,StickerGiant,BY-2.0,https://www.flickr.com/photos/24192350@N03/8019675170
kitchen-knife.webp,kitchen knife,Openverse,Kitchen-knife-santoku-form,Andreas Borutta,BY-SA-3.0,https://commons.wikimedia.org/w/index.php?curid=5050769
bath-mat.webp,bath mat,Openverse,Trogdor Bath Mat Pose,Martin Cathrae,BY-SA-2.0,https://www.flickr.com/photos/34067077@N00/184982031
washing-machine.webp,washing machine,Openverse,Washing machine- Tamanna,nist6ss,BY-SA-2.0,https://www.flickr.com/photos/53771866@N05/6210225695
